text1,text2,joins
Offering table that is made of wood and blue.,Searching table that is made of wood and blue.,True
Offering table that is made of wood and blue.,Searching table that is made of wood and red.,False
Offering table that is made of wood and blue.,Searching table that is made of wood and white.,False
Offering table that is made of wood and blue.,Searching table that is made of wood and black.,False
Offering table that is made of wood and blue.,Searching table that is made of metal and blue.,False
Offering table that is made of wood and blue.,Searching table that is made of metal and red.,False
Offering table that is made of wood and blue.,Searching table that is made of metal and white.,False
Offering table that is made of wood and blue.,Searching table that is made of metal and black.,False
Offering table that is made of wood and blue.,Searching table that is made of glass and blue.,False
Offering table that is made of wood and blue.,Searching table that is made of glass and red.,False
Offering table that is made of wood and blue.,Searching table that is made of glass and white.,False
Offering table that is made of wood and blue.,Searching table that is made of glass and black.,False
Offering table that is made of wood and blue.,Searching table that is made of stone and blue.,False
Offering table that is made of wood and blue.,Searching table that is made of stone and red.,False
Offering table that is made of wood and blue.,Searching table that is made of stone and white.,False
Offering table that is made of wood and blue.,Searching table that is made of stone and black.,False
Offering table that is made of wood and red.,Searching table that is made of wood and blue.,False
Offering table that is made of wood and red.,Searching table that is made of wood and red.,True
Offering table that is made of wood and red.,Searching table that is made of wood and white.,False
Offering table that is made of wood and red.,Searching table that is made of wood and black.,False
Offering table that is made of wood and red.,Searching table that is made of metal and blue.,False
Offering table that is made of wood and red.,Searching table that is made of metal and red.,False
Offering table that is made of wood and red.,Searching table that is made of metal and white.,False
Offering table that is made of wood and red.,Searching table that is made of metal and black.,False
Offering table that is made of wood and red.,Searching table that is made of glass and blue.,False
Offering table that is made of wood and red.,Searching table that is made of glass and red.,False
Offering table that is made of wood and red.,Searching table that is made of glass and white.,False
Offering table that is made of wood and red.,Searching table that is made of glass and black.,False
Offering table that is made of wood and red.,Searching table that is made of stone and blue.,False
Offering table that is made of wood and red.,Searching table that is made of stone and red.,False
Offering table that is made of wood and red.,Searching table that is made of stone and white.,False
Offering table that is made of wood and red.,Searching table that is made of stone and black.,False
Offering table that is made of wood and white.,Searching table that is made of wood and blue.,False
Offering table that is made of wood and white.,Searching table that is made of wood and red.,False
Offering table that is made of wood and white.,Searching table that is made of wood and white.,True
Offering table that is made of wood and white.,Searching table that is made of wood and black.,False
Offering table that is made of wood and white.,Searching table that is made of metal and blue.,False
Offering table that is made of wood and white.,Searching table that is made of metal and red.,False
Offering table that is made of wood and white.,Searching table that is made of metal and white.,False
Offering table that is made of wood and white.,Searching table that is made of metal and black.,False
Offering table that is made of wood and white.,Searching table that is made of glass and blue.,False
Offering table that is made of wood and white.,Searching table that is made of glass and red.,False
Offering table that is made of wood and white.,Searching table that is made of glass and white.,False
Offering table that is made of wood and white.,Searching table that is made of glass and black.,False
Offering table that is made of wood and white.,Searching table that is made of stone and blue.,False
Offering table that is made of wood and white.,Searching table that is made of stone and red.,False
Offering table that is made of wood and white.,Searching table that is made of stone and white.,False
Offering table that is made of wood and white.,Searching table that is made of stone and black.,False
Offering table that is made of wood and black.,Searching table that is made of wood and blue.,False
Offering table that is made of wood and black.,Searching table that is made of wood and red.,False
Offering table that is made of wood and black.,Searching table that is made of wood and white.,False
Offering table that is made of wood and black.,Searching table that is made of wood and black.,True
Offering table that is made of wood and black.,Searching table that is made of metal and blue.,False
Offering table that is made of wood and black.,Searching table that is made of metal and red.,False
Offering table that is made of wood and black.,Searching table that is made of metal and white.,False
Offering table that is made of wood and black.,Searching table that is made of metal and black.,False
Offering table that is made of wood and black.,Searching table that is made of glass and blue.,False
Offering table that is made of wood and black.,Searching table that is made of glass and red.,False
Offering table that is made of wood and black.,Searching table that is made of glass and white.,False
Offering table that is made of wood and black.,Searching table that is made of glass and black.,False
Offering table that is made of wood and black.,Searching table that is made of stone and blue.,False
Offering table that is made of wood and black.,Searching table that is made of stone and red.,False
Offering table that is made of wood and black.,Searching table that is made of stone and white.,False
Offering table that is made of wood and black.,Searching table that is made of stone and black.,False
Offering table that is made of metal and blue.,Searching table that is made of wood and blue.,False
Offering table that is made of metal and blue.,Searching table that is made of wood and red.,False
Offering table that is made of metal and blue.,Searching table that is made of wood and white.,False
Offering table that is made of metal and blue.,Searching table that is made of wood and black.,False
Offering table that is made of metal and blue.,Searching table that is made of metal and blue.,True
Offering table that is made of metal and blue.,Searching table that is made of metal and red.,False
Offering table that is made of metal and blue.,Searching table that is made of metal and white.,False
Offering table that is made of metal and blue.,Searching table that is made of metal and black.,False
Offering table that is made of metal and blue.,Searching table that is made of glass and blue.,False
Offering table that is made of metal and blue.,Searching table that is made of glass and red.,False
Offering table that is made of metal and blue.,Searching table that is made of glass and white.,False
Offering table that is made of metal and blue.,Searching table that is made of glass and black.,False
Offering table that is made of metal and blue.,Searching table that is made of stone and blue.,False
Offering table that is made of metal and blue.,Searching table that is made of stone and red.,False
Offering table that is made of metal and blue.,Searching table that is made of stone and white.,False
Offering table that is made of metal and blue.,Searching table that is made of stone and black.,False
Offering table that is made of metal and red.,Searching table that is made of wood and blue.,False
Offering table that is made of metal and red.,Searching table that is made of wood and red.,False
Offering table that is made of metal and red.,Searching table that is made of wood and white.,False
Offering table that is made of metal and red.,Searching table that is made of wood and black.,False
Offering table that is made of metal and red.,Searching table that is made of metal and blue.,False
Offering table that is made of metal and red.,Searching table that is made of metal and red.,True
Offering table that is made of metal and red.,Searching table that is made of metal and white.,False
Offering table that is made of metal and red.,Searching table that is made of metal and black.,False
Offering table that is made of metal and red.,Searching table that is made of glass and blue.,False
Offering table that is made of metal and red.,Searching table that is made of glass and red.,False
Offering table that is made of metal and red.,Searching table that is made of glass and white.,False
Offering table that is made of metal and red.,Searching table that is made of glass and black.,False
Offering table that is made of metal and red.,Searching table that is made of stone and blue.,False
Offering table that is made of metal and red.,Searching table that is made of stone and red.,False
Offering table that is made of metal and red.,Searching table that is made of stone and white.,False
Offering table that is made of metal and red.,Searching table that is made of stone and black.,False
Offering table that is made of metal and white.,Searching table that is made of wood and blue.,False
Offering table that is made of metal and white.,Searching table that is made of wood and red.,False
Offering table that is made of metal and white.,Searching table that is made of wood and white.,False
Offering table that is made of metal and white.,Searching table that is made of wood and black.,False
Offering table that is made of metal and white.,Searching table that is made of metal and blue.,False
Offering table that is made of metal and white.,Searching table that is made of metal and red.,False
Offering table that is made of metal and white.,Searching table that is made of metal and white.,True
Offering table that is made of metal and white.,Searching table that is made of metal and black.,False
Offering table that is made of metal and white.,Searching table that is made of glass and blue.,False
Offering table that is made of metal and white.,Searching table that is made of glass and red.,False
Offering table that is made of metal and white.,Searching table that is made of glass and white.,False
Offering table that is made of metal and white.,Searching table that is made of glass and black.,False
Offering table that is made of metal and white.,Searching table that is made of stone and blue.,False
Offering table that is made of metal and white.,Searching table that is made of stone and red.,False
Offering table that is made of metal and white.,Searching table that is made of stone and white.,False
Offering table that is made of metal and white.,Searching table that is made of stone and black.,False
Offering table that is made of metal and black.,Searching table that is made of wood and blue.,False
Offering table that is made of metal and black.,Searching table that is made of wood and red.,False
Offering table that is made of metal and black.,Searching table that is made of wood and white.,False
Offering table that is made of metal and black.,Searching table that is made of wood and black.,False
Offering table that is made of metal and black.,Searching table that is made of metal and blue.,False
Offering table that is made of metal and black.,Searching table that is made of metal and red.,False
Offering table that is made of metal and black.,Searching table that is made of metal and white.,False
Offering table that is made of metal and black.,Searching table that is made of metal and black.,True
Offering table that is made of metal and black.,Searching table that is made of glass and blue.,False
Offering table that is made of metal and black.,Searching table that is made of glass and red.,False
Offering table that is made of metal and black.,Searching table that is made of glass and white.,False
Offering table that is made of metal and black.,Searching table that is made of glass and black.,False
Offering table that is made of metal and black.,Searching table that is made of stone and blue.,False
Offering table that is made of metal and black.,Searching table that is made of stone and red.,False
Offering table that is made of metal and black.,Searching table that is made of stone and white.,False
Offering table that is made of metal and black.,Searching table that is made of stone and black.,False
Offering table that is made of glass and blue.,Searching table that is made of wood and blue.,False
Offering table that is made of glass and blue.,Searching table that is made of wood and red.,False
Offering table that is made of glass and blue.,Searching table that is made of wood and white.,False
Offering table that is made of glass and blue.,Searching table that is made of wood and black.,False
Offering table that is made of glass and blue.,Searching table that is made of metal and blue.,False
Offering table that is made of glass and blue.,Searching table that is made of metal and red.,False
Offering table that is made of glass and blue.,Searching table that is made of metal and white.,False
Offering table that is made of glass and blue.,Searching table that is made of metal and black.,False
Offering table that is made of glass and blue.,Searching table that is made of glass and blue.,True
Offering table that is made of glass and blue.,Searching table that is made of glass and red.,False
Offering table that is made of glass and blue.,Searching table that is made of glass and white.,False
Offering table that is made of glass and blue.,Searching table that is made of glass and black.,False
Offering table that is made of glass and blue.,Searching table that is made of stone and blue.,False
Offering table that is made of glass and blue.,Searching table that is made of stone and red.,False
Offering table that is made of glass and blue.,Searching table that is made of stone and white.,False
Offering table that is made of glass and blue.,Searching table that is made of stone and black.,False
Offering table that is made of glass and red.,Searching table that is made of wood and blue.,False
Offering table that is made of glass and red.,Searching table that is made of wood and red.,False
Offering table that is made of glass and red.,Searching table that is made of wood and white.,False
Offering table that is made of glass and red.,Searching table that is made of wood and black.,False
Offering table that is made of glass and red.,Searching table that is made of metal and blue.,False
Offering table that is made of glass and red.,Searching table that is made of metal and red.,False
Offering table that is made of glass and red.,Searching table that is made of metal and white.,False
Offering table that is made of glass and red.,Searching table that is made of metal and black.,False
Offering table that is made of glass and red.,Searching table that is made of glass and blue.,False
Offering table that is made of glass and red.,Searching table that is made of glass and red.,True
Offering table that is made of glass and red.,Searching table that is made of glass and white.,False
Offering table that is made of glass and red.,Searching table that is made of glass and black.,False
Offering table that is made of glass and red.,Searching table that is made of stone and blue.,False
Offering table that is made of glass and red.,Searching table that is made of stone and red.,False
Offering table that is made of glass and red.,Searching table that is made of stone and white.,False
Offering table that is made of glass and red.,Searching table that is made of stone and black.,False
Offering table that is made of glass and white.,Searching table that is made of wood and blue.,False
Offering table that is made of glass and white.,Searching table that is made of wood and red.,False
Offering table that is made of glass and white.,Searching table that is made of wood and white.,False
Offering table that is made of glass and white.,Searching table that is made of wood and black.,False
Offering table that is made of glass and white.,Searching table that is made of metal and blue.,False
Offering table that is made of glass and white.,Searching table that is made of metal and red.,False
Offering table that is made of glass and white.,Searching table that is made of metal and white.,False
Offering table that is made of glass and white.,Searching table that is made of metal and black.,False
Offering table that is made of glass and white.,Searching table that is made of glass and blue.,False
Offering table that is made of glass and white.,Searching table that is made of glass and red.,False
Offering table that is made of glass and white.,Searching table that is made of glass and white.,True
Offering table that is made of glass and white.,Searching table that is made of glass and black.,False
Offering table that is made of glass and white.,Searching table that is made of stone and blue.,False
Offering table that is made of glass and white.,Searching table that is made of stone and red.,False
Offering table that is made of glass and white.,Searching table that is made of stone and white.,False
Offering table that is made of glass and white.,Searching table that is made of stone and black.,False
Offering table that is made of glass and black.,Searching table that is made of wood and blue.,False
Offering table that is made of glass and black.,Searching table that is made of wood and red.,False
Offering table that is made of glass and black.,Searching table that is made of wood and white.,False
Offering table that is made of glass and black.,Searching table that is made of wood and black.,False
Offering table that is made of glass and black.,Searching table that is made of metal and blue.,False
Offering table that is made of glass and black.,Searching table that is made of metal and red.,False
Offering table that is made of glass and black.,Searching table that is made of metal and white.,False
Offering table that is made of glass and black.,Searching table that is made of metal and black.,False
Offering table that is made of glass and black.,Searching table that is made of glass and blue.,False
Offering table that is made of glass and black.,Searching table that is made of glass and red.,False
Offering table that is made of glass and black.,Searching table that is made of glass and white.,False
Offering table that is made of glass and black.,Searching table that is made of glass and black.,True
Offering table that is made of glass and black.,Searching table that is made of stone and blue.,False
Offering table that is made of glass and black.,Searching table that is made of stone and red.,False
Offering table that is made of glass and black.,Searching table that is made of stone and white.,False
Offering table that is made of glass and black.,Searching table that is made of stone and black.,False
Offering table that is made of stone and blue.,Searching table that is made of wood and blue.,False
Offering table that is made of stone and blue.,Searching table that is made of wood and red.,False
Offering table that is made of stone and blue.,Searching table that is made of wood and white.,False
Offering table that is made of stone and blue.,Searching table that is made of wood and black.,False
Offering table that is made of stone and blue.,Searching table that is made of metal and blue.,False
Offering table that is made of stone and blue.,Searching table that is made of metal and red.,False
Offering table that is made of stone and blue.,Searching table that is made of metal and white.,False
Offering table that is made of stone and blue.,Searching table that is made of metal and black.,False
Offering table that is made of stone and blue.,Searching table that is made of glass and blue.,False
Offering table that is made of stone and blue.,Searching table that is made of glass and red.,False
Offering table that is made of stone and blue.,Searching table that is made of glass and white.,False
Offering table that is made of stone and blue.,Searching table that is made of glass and black.,False
Offering table that is made of stone and blue.,Searching table that is made of stone and blue.,True
Offering table that is made of stone and blue.,Searching table that is made of stone and red.,False
Offering table that is made of stone and blue.,Searching table that is made of stone and white.,False
Offering table that is made of stone and blue.,Searching table that is made of stone and black.,False
Offering table that is made of stone and red.,Searching table that is made of wood and blue.,False
Offering table that is made of stone and red.,Searching table that is made of wood and red.,False
Offering table that is made of stone and red.,Searching table that is made of wood and white.,False
Offering table that is made of stone and red.,Searching table that is made of wood and black.,False
Offering table that is made of stone and red.,Searching table that is made of metal and blue.,False
Offering table that is made of stone and red.,Searching table that is made of metal and red.,False
Offering table that is made of stone and red.,Searching table that is made of metal and white.,False
Offering table that is made of stone and red.,Searching table that is made of metal and black.,False
Offering table that is made of stone and red.,Searching table that is made of glass and blue.,False
Offering table that is made of stone and red.,Searching table that is made of glass and red.,False
Offering table that is made of stone and red.,Searching table that is made of glass and white.,False
Offering table that is made of stone and red.,Searching table that is made of glass and black.,False
Offering table that is made of stone and red.,Searching table that is made of stone and blue.,False
Offering table that is made of stone and red.,Searching table that is made of stone and red.,True
Offering table that is made of stone and red.,Searching table that is made of stone and white.,False
Offering table that is made of stone and red.,Searching table that is made of stone and black.,False
Offering table that is made of stone and white.,Searching table that is made of wood and blue.,False
Offering table that is made of stone and white.,Searching table that is made of wood and red.,False
Offering table that is made of stone and white.,Searching table that is made of wood and white.,False
Offering table that is made of stone and white.,Searching table that is made of wood and black.,False
Offering table that is made of stone and white.,Searching table that is made of metal and blue.,False
Offering table that is made of stone and white.,Searching table that is made of metal and red.,False
Offering table that is made of stone and white.,Searching table that is made of metal and white.,False
Offering table that is made of stone and white.,Searching table that is made of metal and black.,False
Offering table that is made of stone and white.,Searching table that is made of glass and blue.,False
Offering table that is made of stone and white.,Searching table that is made of glass and red.,False
Offering table that is made of stone and white.,Searching table that is made of glass and white.,False
Offering table that is made of stone and white.,Searching table that is made of glass and black.,False
Offering table that is made of stone and white.,Searching table that is made of stone and blue.,False
Offering table that is made of stone and white.,Searching table that is made of stone and red.,False
Offering table that is made of stone and white.,Searching table that is made of stone and white.,True
Offering table that is made of stone and white.,Searching table that is made of stone and black.,False
Offering table that is made of stone and black.,Searching table that is made of wood and blue.,False
Offering table that is made of stone and black.,Searching table that is made of wood and red.,False
Offering table that is made of stone and black.,Searching table that is made of wood and white.,False
Offering table that is made of stone and black.,Searching table that is made of wood and black.,False
Offering table that is made of stone and black.,Searching table that is made of metal and blue.,False
Offering table that is made of stone and black.,Searching table that is made of metal and red.,False
Offering table that is made of stone and black.,Searching table that is made of metal and white.,False
Offering table that is made of stone and black.,Searching table that is made of metal and black.,False
Offering table that is made of stone and black.,Searching table that is made of glass and blue.,False
Offering table that is made of stone and black.,Searching table that is made of glass and red.,False
Offering table that is made of stone and black.,Searching table that is made of glass and white.,False
Offering table that is made of stone and black.,Searching table that is made of glass and black.,False
Offering table that is made of stone and black.,Searching table that is made of stone and blue.,False
Offering table that is made of stone and black.,Searching table that is made of stone and red.,False
Offering table that is made of stone and black.,Searching table that is made of stone and white.,False
Offering table that is made of stone and black.,Searching table that is made of stone and black.,True
